language,iso_code,track,region_group,target_pairs,registry_pairs,processed_csv,actual_pairs,reference_language,publication_handling,sha256,status,issues
Lingala,lin,National,DRC-wide,4999,4999,language_resources/lingala-lin/data/processed/lingala-french_candidates.csv,4999,French,publishable_or_metadata_qualified,29f3e07cfd40cf1f5a72d220ae1604da9faaf2dd0a62855882d194b452c2a873,ready_for_freeze,
Kikongo ya Leta,ktu,National,DRC-wide,2469,2469,language_resources/kituba-ktu/data/processed/kituba-english_candidates.csv,2469,English,publishable_or_metadata_qualified,69fa7a43bdbbaf09971362c58ca3c7a920d3777512e93295fb249eb614cb0b13,ready_for_freeze,
Ciluba,lua,National,DRC-wide,1500,397971,language_resources/ciluba-lua/data/processed/ciluba-english_candidates.csv,397971,English,publishable_or_metadata_qualified,59cf84d837588f9743f01290e074c37bff4d670da543e3590e370dc512eedf6b,ready_for_freeze,
Congo Swahili,swc,National,DRC-wide,25213,25213,language_resources/congo-swahili-swc/data/processed/congo-swahili-french_candidates.csv,25213,French,publishable_or_metadata_qualified,41cba9a1414bffe5df416d08d63b888364cc270547f2b8580f5f3fefc8ace67f,ready_for_freeze,
Luba-Katanga,lub,Regional,Southeastern DRC,1500,197411,language_resources/kiluba-lub/data/processed/kiluba-english_candidates.csv,197411,English,publishable_or_metadata_qualified,2406a2ffcf822847ae44853b49ca7afd9555880df9d1d00692e3e1393280eb18,ready_for_freeze,
Tabwa,tap,Regional,Southeastern DRC,1500,5039,language_resources/tabwa-tap/data/processed/tabwa-french_candidates.csv,5039,French,publishable_or_metadata_qualified,ce4cd764b59380f18db2c5ced3a7c68983ea610045c8cffe593cc8b99d9006a8,ready_for_freeze,
Bemba,bem,Regional,Southeastern DRC,1500,381259,language_resources/bemba-bem/data/processed/bemba-english_candidates.csv,381259,English,publishable_or_metadata_qualified,851c275d86e001555d996d7915c6527edd9de42eaf9c8e1f014b70ebc296b601,ready_for_freeze,
Aushi,auh,Regional,Southeastern DRC,1500,1900,language_resources/aushi-auh/data/processed/aushi-french_candidates.csv,1900,French,publishable_or_metadata_qualified,b730f844fc5a8b66fbf54552d23501e4de0313712be617e6badd442655f2c99c,ready_for_freeze,
Lunda,lun,Regional,Southeastern DRC,1500,134568,language_resources/lunda-lun/data/processed/lunda-english_candidates.csv,134568,English,publishable_or_metadata_qualified,887cb0ae9081ae6f2d01498b023b73eef635c9d48f1284cfb54204a6f451e892,ready_for_freeze,
Tetela,tll,Regional,Central DRC,1500,222212,language_resources/tetela-tll/data/processed/tetela-english_candidates.csv,222212,English,publishable_or_metadata_qualified,e8d67e1bf10a902bc8ce8ca8d6625e6a5dbe982ef25115e25702b0de59bf48b0,ready_for_freeze,
Songe,sop,Regional,Central DRC,1500,51069,language_resources/songe-sop/data/processed/songe-english_candidates.csv,51069,English,publishable_or_metadata_qualified,a8fed95beda2898c57bd236e5416a2e4f105a4929c442ffb845acd9beb58db2e,ready_for_freeze,
Kanyok,kny,Regional,Central DRC,1500,4788,language_resources/kanyok-kny/data/processed/kanyok-french_candidates.csv,4788,French,restricted_local,3d7c26969eedf7c68cf24f4a54b77ad6bf52425b70714c96bd2f83eb254d3de3,ready_for_freeze,
Ruund,rnd,Regional,Central DRC,1500,133626,language_resources/ruund-rnd/data/processed/ruund-english_candidates.csv,133626,English,publishable_or_metadata_qualified,e1a3d5a32cd7807fa2bbe042f638d563ba184575fd97421923665a159c66ff25,ready_for_freeze,
Yaka,yaf,Regional,Western DRC,1500,7104,language_resources/yaka-yaf/data/processed/yaka-french_candidates.csv,7104,French,publishable_or_metadata_qualified,c6f1af98114e072c25de687641b29cd5bc73afb2a3e263f4e8fa9e4da393f75d,ready_for_freeze,
Kikongo,kon,Regional,Western DRC,1500,315959,language_resources/kikongo-kon/data/processed/kikongo-english_candidates.csv,315959,English,publishable_or_metadata_qualified,83e3bf958cb61740db11f3981525512538e3ea33d043b79a06b321832eddd558,ready_for_freeze,
Yansi,yns,Regional,Western DRC,1500,7951,language_resources/yansi-yns/data/processed/yansi-french_candidates.csv,7951,French,publishable_or_metadata_qualified,85b728d1e715d396e4f5349251a210d8ce51a85b324dc1d6cc01da384e47dda8,ready_for_freeze,
Yombe,yom,Regional,Western DRC,1500,10408,language_resources/yombe-yom/data/processed/yombe-french_candidates.csv,10408,French,publishable_or_metadata_qualified,e80ce024ae9b88151d7bf369a9ab6471c5205b3c64ca1396c19770db8ecf943f,ready_for_freeze,
Mongo,lol,Regional,Northwestern Congo Basin,1500,38815,language_resources/mongo-lol/data/processed/mongo-french_candidates.csv,38815,French,restricted_local,56b3eda32e6f2b0bafed19713b839bdfd302d14115f64150a7422bb7176bd42d,ready_for_freeze,
Ngombe,ngc,Regional,Northwestern Congo Basin,1500,12735,language_resources/ngombe-ngc/data/processed/ngombe-french_candidates.csv,12735,French,publishable_or_metadata_qualified,15a51a9e8665384e96280bba55bcb4d2787099503821e99548b8be5ecbb2863f,ready_for_freeze,
Northern Ngbandi,ngb,Regional,Northwestern Congo Basin,1500,7887,language_resources/northern-ngbandi-ngb/data/processed/northern-ngbandi-french_candidates.csv,7887,French,restricted_local,bb6e0c8d2a00633e70062dca61ed9faa7cc2e9f792e47d79f66a10035db88fb2,ready_for_freeze,
Zande,zne,Regional,Northern DRC,1500,30865,language_resources/zande-zne/data/processed/zande-french_candidates.csv,30865,French,restricted_local,a1109e54824906bcb81ec8675ae456d7e7b7ac9027b3f993bc496771b5f60187,ready_for_freeze,
Logo,log,Regional,Northern DRC,1500,9649,language_resources/logo-log/data/processed/logo-french_candidates.csv,9649,French,restricted_local,cda7a45a3eb8d8926fb336a51a1ca0cd1d380dec638904bd9bd2d4552b91659f,ready_for_freeze,
Mayogo,mdm,Regional,Northern DRC,1500,7911,language_resources/mayogo-mdm/data/processed/mayogo-french_candidates.csv,7911,French,restricted_local,f5878ea901646c5ccdf0d4f622a8efaabbc8bf389f80707867bd3a9ce3732fcf,ready_for_freeze,
Budu,buu,Regional,Northern DRC,1500,17387,language_resources/budu-buu/data/processed/budu-french_candidates.csv,17387,French,restricted_local,3986ca5edb66f1ae8ed6ac1ea35ff738c05c3512d9d9b5d7fdf2718c1d1437b9,ready_for_freeze,
Ndo,ndp,Regional,Northern DRC,1500,7943,language_resources/ndo-ndp/data/processed/ndo-french_candidates.csv,7943,French,restricted_local,f0517d340a6d0ced6bf357ed77ab2bc16fd475be37fbb7ad4fd9a20d562416d5,ready_for_freeze,
Alur,alz,Regional,Ituri,1500,7567,language_resources/alur-alz/data/processed/alur-english_candidates.csv,7567,English,publishable_or_metadata_qualified,4bb532f89084dc07e02268d40905e51e1478a1c18a597a588bdad0ff8ca06874,ready_for_freeze,
Ngiti,niy,Regional,Ituri,1500,7955,language_resources/ngiti-niy/data/processed/ngiti-french_candidates.csv,7955,French,restricted_local,34b12acada2556d04a001a4d0b6ca4858f60061b638f44ecdfc0aab5bf5f2b99,ready_for_freeze,
Kakwa,keo,Regional,Ituri,1500,7950,language_resources/kakwa-keo/data/processed/kakwa-french_candidates.csv,7950,French,restricted_local,ae3cb0ebd942119d3e5879753e463ea05cfeabd14b30ebcd8742efb4872f1c89,ready_for_freeze,
Komo,kmw,Regional,Ituri,1500,7938,language_resources/komo-kmw/data/processed/komo-french_candidates.csv,7938,French,restricted_local,ac030bac2d366b383a513aa7613b36e12288ebbe6d10891ace5b7a758b800384,ready_for_freeze,
Amba,rwm,Regional,Ituri,1500,2074,language_resources/amba-rwm/data/processed/amba-french_candidates.csv,2074,French,restricted_local,5dfa2a42b13c85ccb812402837f54e874812fc2d4673a8c220cb6b7a4bc27376,ready_for_freeze,
Lega-Mwenga,lgm,Regional,Maniema,1500,7943,language_resources/lega-mwenga-lgm/data/processed/lega-mwenga-french_candidates.csv,7943,French,restricted_local,3e84db2967c28b1c26ea3316a2294ffa1344ca1f10ce88cf127b13df311adffb,ready_for_freeze,
Bembe / Kibembe,bmb,Regional,Maniema,1500,2984,language_resources/bembe-bmb/data/processed/bembe-french_candidates.csv,2984,French,restricted_local,0b4b2ab8999598fe3a7abc79721e1eae658db10640846d73d301a61cd7e84694,ready_for_freeze,
Zimba,zmb,Regional,Maniema,1500,2434,language_resources/zimba-zmb/data/processed/zmb-french_candidates.csv,2434,French,restricted_local,075ed292742cb990c9faffa99774a374f0058fb80e8b460ab44523e22b72e132,ready_for_freeze,
Holoholo,hoo,Regional,Maniema,1500,1531,language_resources/holoholo-hoo/data/processed/hoo-french_candidates.csv,1531,French,restricted_local,73173fea806f0037526f7c01eaffb2e0bbf02bfe515f6187f236ec3468a87da7,ready_for_freeze,
Ngbaka,nga,Regional,Northwestern Congo Basin,1500,29977,language_resources/ngbaka-nga/data/processed/ngbaka-french_candidates.csv,29977,French,restricted_local,e0544a7b75a8a665efbd25f22427192d66ee959a2730b26530f27acc6e6dd1f3,ready_for_freeze,
Lobala,loq,Regional,Northwestern Congo Basin,1500,7920,language_resources/lobala-loq/data/processed/lobala-french_candidates.csv,7920,French,restricted_local,64a3be1cb4ace497f6cf190d07355a8b7bf29c27893aef38714bc702806a991a,ready_for_freeze,
Mashi,shr,Regional,Kivu,1500,1500,language_resources/mashi-shr/data/processed/mashi-french_eastern1500.csv,1500,French,publishable_or_metadata_qualified,079a50c707206b24c0968b8f1ae5d3754b1842f9d178f0fece92478fcca6a8f7,ready_for_freeze,
Nande,nnb,Regional,Kivu,1500,14949,language_resources/nande-nnb/data/processed/nande-french_candidates.csv,14949,French,publishable_or_metadata_qualified,07e345aee7713c787ddaf6a8665879be863d6fd815cd1fee7cd95c0acb4fc816,ready_for_freeze,
Hunde,hke,Kivu expansion,Kivu,1500,2291,language_resources/hunde-hke/data/processed/hke-french_candidates.csv,2291,French,restricted_local,77f3273dea09fbc05fca1d7e1ada4c6745ca9f605c64fa5b3ebe85764df7a291,ready_for_freeze,
Fuliiru,flr,Regional,Kivu,1500,30546,language_resources/fuliiru-flr/data/processed/fuliiru-french_candidates.csv,30546,French,restricted_local,542c7033e6c4975f18b5216f0d03df0afcacca0a5ec16c1396ce27288802e0f3,ready_for_freeze,
Tembo,tbt,Regional,Kivu,1500,7932,language_resources/tembo-tbt/data/processed/tembo-french_candidates.csv,7932,French,restricted_local,898285ee2ce1577df63e7344f053dffd56412c7c202849635ac008948fe6d30a,ready_for_freeze,
Havu,hav,Kivu expansion,Kivu,1500,3224,language_resources/havu-hav/data/processed/havu-french_candidates.csv,3224,French,publishable_or_metadata_qualified,c72a11a68c9a9b29290707d68214f69b747e8e7a47565f16dc764c46a0781ec2,ready_for_freeze,
Nyanga,nyj,Regional,Kivu,1500,3192,language_resources/nyanga-nyj/data/processed/nyanga-french_candidates.csv,3192,French,restricted_local,cc474222b0e2558a92c43c78062ccdb3179605dd297159b051aca6983d748d0b,ready_for_freeze,
Lega-Shabunda,lea,Regional,Maniema,1500,30703,language_resources/lega-shabunda-lea/data/processed/lega-shabunda-french_candidates.csv,30703,French,restricted_local,adf280c2aad08c6013c472d1b3cf4e6e8a3e2d5c002c58fa9cbb1596b0ac48bb,ready_for_freeze,
Kele / Lokele,khy,Regional,Tshopo,1500,7910,language_resources/kele-khy/data/processed/kele-french_candidates.csv,7910,French,restricted_local,dfbc4388c7fc0743ddb3eda92439bb541051eacf3aebece90df606626adbcab5,ready_for_freeze,
Lengola,lej,Regional,Tshopo,1500,5774,language_resources/lengola-lej/data/processed/lengola-english_candidates.csv,5774,English,publishable_or_metadata_qualified,d7d230888be5aba2568dc6ad95131adabe6a9ea6f167f143ec92a2bba6594870,ready_for_freeze,
Lombo / Turumbu,loo,Regional,Tshopo,1500,1812,language_resources/lombo-loo/data/processed/lombo-french_candidates.csv,1812,French,publishable_or_metadata_qualified,65a6df375ed1fba4ef45822737938f85a2e83b8fba45931ea05c8af5f200bc59,ready_for_freeze,
